{"assets/content.png":["assets/content.png"],"assets/difference/joke/1.png":["assets/difference/joke/1.png"],"assets/difference/joke/2.png":["assets/difference/joke/2.png"],"assets/difference/joke/3.png":["assets/difference/joke/3.png"],"assets/difference/joke/4.png":["assets/difference/joke/4.png"],"assets/difference/joke/5.png":["assets/difference/joke/5.png"],"assets/difference/joke/6.png":["assets/difference/joke/6.png"],"assets/difference/original/1.png":["assets/difference/original/1.png"],"assets/difference/original/2.png":["assets/difference/original/2.png"],"assets/difference/original/3.png":["assets/difference/original/3.png"],"assets/difference/original/4.png":["assets/difference/original/4.png"],"assets/difference/original/5.png":["assets/difference/original/5.png"],"assets/difference/original/6.png":["assets/difference/original/6.png"],"assets/drawing.mp3":["assets/drawing.mp3"],"assets/established.mp3":["assets/established.mp3"],"assets/magic_logo.png":["assets/magic_logo.png"],"assets/output_style.png":["assets/output_style.png"],"assets/style.png":["assets/style.png"],"assets/tap1.mp3":["assets/tap1.mp3"],"assets/tap2.mp3":["assets/tap2.mp3"],"assets/title_image.png":["assets/title_image.png"],"assets/title_logo_main.png":["assets/title_logo_main.png"],"assets/tutorial/1.png":["assets/tutorial/1.png"],"assets/tutorial/10.png":["assets/tutorial/10.png"],"assets/tutorial/11.png":["assets/tutorial/11.png"],"assets/tutorial/12.png":["assets/tutorial/12.png"],"assets/tutorial/13.png":["assets/tutorial/13.png"],"assets/tutorial/14.png":["assets/tutorial/14.png"],"assets/tutorial/15.png":["assets/tutorial/15.png"],"assets/tutorial/16.png":["assets/tutorial/16.png"],"assets/tutorial/17.png":["assets/tutorial/17.png"],"assets/tutorial/18.png":["assets/tutorial/18.png"],"assets/tutorial/2.png":["assets/tutorial/2.png"],"assets/tutorial/3.png":["assets/tutorial/3.png"],"assets/tutorial/4.png":["assets/tutorial/4.png"],"assets/tutorial/5.png":["assets/tutorial/5.png"],"assets/tutorial/6.png":["assets/tutorial/6.png"],"assets/tutorial/7.png":["assets/tutorial/7.png"],"assets/tutorial/8.png":["assets/tutorial/8.png"],"assets/tutorial/9.png":["assets/tutorial/9.png"],"packages/cupertino_icons/assets/CupertinoIcons.ttf":["packages/cupertino_icons/assets/CupertinoIcons.ttf"]}